platform,source,control_token_occurrences_nonsemantic,coverage
ios,src/ios/Views/Alarms/AlarmListView.swift,4,STATIC INVENTORY; runtime not exercised
ios,src/ios/Views/Chat/AIChatView.swift,74,STATIC INVENTORY; runtime not exercised
ios,src/ios/Views/Chat/AssistantBlockView.swift,10,STATIC INVENTORY; runtime not exercised
ios,src/ios/Views/Chat/AudioWaveformView.swift,0,STATIC INVENTORY; runtime not exercised
ios,src/ios/Views/Chat/ChatColors.swift,0,STATIC INVENTORY; runtime not exercised
ios,src/ios/Views/Chat/ChatInputBar.swift,9,STATIC INVENTORY; runtime not exercised
ios,src/ios/Views/Chat/ChatInspector.swift,3,STATIC INVENTORY; runtime not exercised
ios,src/ios/Views/Chat/ChatMessageViews.swift,16,STATIC INVENTORY; runtime not exercised
ios,src/ios/Views/Chat/ChatTurnScreenshot.swift,4,STATIC INVENTORY; runtime not exercised
ios,src/ios/Views/Chat/EquatableContextMenu.swift,0,STATIC INVENTORY; runtime not exercised
ios,src/ios/Views/Chat/MarkdownPrepRegex.swift,0,STATIC INVENTORY; runtime not exercised
ios,src/ios/Views/Chat/Media/AudioPlayback.swift,3,STATIC INVENTORY; runtime not exercised
ios,src/ios/Views/Chat/Media/AudioPreview.swift,8,STATIC INVENTORY; runtime not exercised
ios,src/ios/Views/Chat/Media/ImagePreview.swift,5,STATIC INVENTORY; runtime not exercised
ios,src/ios/Views/Chat/Media/MessageImageGallery.swift,5,STATIC INVENTORY; runtime not exercised
ios,src/ios/Views/Chat/Media/VideoPlayer.swift,4,STATIC INVENTORY; runtime not exercised
ios,src/ios/Views/Chat/MinisMediaViews.swift,13,STATIC INVENTORY; runtime not exercised
ios,src/ios/Views/Chat/MinisShareSheet.swift,0,STATIC INVENTORY; runtime not exercised
ios,src/ios/Views/Chat/OffloadPermissionDialog.swift,3,STATIC INVENTORY; runtime not exercised
ios,src/ios/Views/Chat/PaginatedMarkdownView.swift,0,STATIC INVENTORY; runtime not exercised
ios,src/ios/Views/Chat/PrintHelper.swift,0,STATIC INVENTORY; runtime not exercised
ios,src/ios/Views/Chat/QuickModelSwitchSheet.swift,6,STATIC INVENTORY; runtime not exercised
ios,src/ios/Views/Chat/QuickTaskPickerSheet.swift,4,STATIC INVENTORY; runtime not exercised
ios,src/ios/Views/Chat/ReplyContentExtractor.swift,0,STATIC INVENTORY; runtime not exercised
ios,src/ios/Views/Chat/ReplyShareCard.swift,0,STATIC INVENTORY; runtime not exercised
ios,src/ios/Views/Chat/SelectableMarkdownTheme.swift,0,STATIC INVENTORY; runtime not exercised
ios,src/ios/Views/Chat/SelectableMarkdownView.swift,3,STATIC INVENTORY; runtime not exercised
ios,src/ios/Views/Chat/SessionInspectorView.swift,1,STATIC INVENTORY; runtime not exercised
ios,src/ios/Views/Chat/SessionMemoryView.swift,11,STATIC INVENTORY; runtime not exercised
ios,src/ios/Views/Chat/SessionSkillsView.swift,5,STATIC INVENTORY; runtime not exercised
ios,src/ios/Views/Chat/TextFadeAnimator.swift,0,STATIC INVENTORY; runtime not exercised
ios,src/ios/Views/Chat/ToolLiveSheet.swift,17,STATIC INVENTORY; runtime not exercised
ios,src/ios/Views/Chat/UsageStatsView.swift,0,STATIC INVENTORY; runtime not exercised
ios,src/ios/Views/Chat/Voice/InlineVoiceInputView.swift,16,STATIC INVENTORY; runtime not exercised
ios,src/ios/Views/Chat/Voice/SpeechPlayerControl.swift,4,STATIC INVENTORY; runtime not exercised
ios,src/ios/Views/Chat/Voice/VoiceInputPanel.swift,0,STATIC INVENTORY; runtime not exercised
ios,src/ios/Views/Chat/WebLoadError.swift,1,STATIC INVENTORY; runtime not exercised
ios,src/ios/Views/Chat/WebPreviewSheet.swift,16,STATIC INVENTORY; runtime not exercised
ios,src/ios/Views/CollectionsView.swift,47,STATIC INVENTORY; runtime not exercised
ios,src/ios/Views/CommandPaletteView.swift,2,STATIC INVENTORY; runtime not exercised
ios,src/ios/Views/ContentView.swift,108,STATIC INVENTORY; runtime not exercised
ios,src/ios/Views/DocumentScannerView.swift,0,STATIC INVENTORY; runtime not exercised
ios,src/ios/Views/Home/HomeComposer.swift,17,STATIC INVENTORY; runtime not exercised
ios,src/ios/Views/HomeStatusIndicators.swift,0,STATIC INVENTORY; runtime not exercised
ios,src/ios/Views/LeoCommands.swift,7,STATIC INVENTORY; runtime not exercised
ios,src/ios/Views/LeoReaderView.swift,0,STATIC INVENTORY; runtime not exercised
ios,src/ios/Views/MCP/MCPFormSheet.swift,26,STATIC INVENTORY; runtime not exercised
ios,src/ios/Views/MCP/MCPIntegrationsView.swift,14,STATIC INVENTORY; runtime not exercised
ios,src/ios/Views/MCP/MCPJSONImportSheet.swift,3,STATIC INVENTORY; runtime not exercised
ios,src/ios/Views/MCP/SessionMCPsView.swift,3,STATIC INVENTORY; runtime not exercised
ios,src/ios/Views/NoteEditorView.swift,10,STATIC INVENTORY; runtime not exercised
ios,src/ios/Views/Providers/AddProviderView.swift,20,STATIC INVENTORY; runtime not exercised
ios,src/ios/Views/Providers/AgentLoopModelsView.swift,6,STATIC INVENTORY; runtime not exercised
ios,src/ios/Views/Providers/GroupSlotPicker.swift,1,STATIC INVENTORY; runtime not exercised
ios,src/ios/Views/Providers/GroupVoiceModelsView.swift,0,STATIC INVENTORY; runtime not exercised
ios,src/ios/Views/Providers/KimiDeviceLoginSheet.swift,4,STATIC INVENTORY; runtime not exercised
ios,src/ios/Views/Providers/ModelDisplayTraits.swift,0,STATIC INVENTORY; runtime not exercised
ios,src/ios/Views/Providers/ModelGroupDetailView.swift,11,STATIC INVENTORY; runtime not exercised
ios,src/ios/Views/Providers/ModelGroupsView.swift,7,STATIC INVENTORY; runtime not exercised
ios,src/ios/Views/Providers/ModelQuickTestSheet.swift,3,STATIC INVENTORY; runtime not exercised
ios,src/ios/Views/Providers/OnboardingModelSelectionView.swift,3,STATIC INVENTORY; runtime not exercised
ios,src/ios/Views/Providers/ProviderInstanceDetailView.swift,67,STATIC INVENTORY; runtime not exercised
ios,src/ios/Views/Providers/ProviderInstancesView.swift,8,STATIC INVENTORY; runtime not exercised
ios,src/ios/Views/Providers/SessionModelPicker.swift,2,STATIC INVENTORY; runtime not exercised
ios,src/ios/Views/Providers/ShadowVoiceProviderDetailView.swift,2,STATIC INVENTORY; runtime not exercised
ios,src/ios/Views/Providers/SystemSpeechResourcesView.swift,5,STATIC INVENTORY; runtime not exercised
ios,src/ios/Views/Providers/UnifiedModelPicker.swift,16,STATIC INVENTORY; runtime not exercised
ios,src/ios/Views/Rootfs/FileBrowserView.swift,26,STATIC INVENTORY; runtime not exercised
ios,src/ios/Views/Rootfs/ISHTerminalView.swift,5,STATIC INVENTORY; runtime not exercised
ios,src/ios/Views/Rootfs/MirrorSpeedTestView.swift,6,STATIC INVENTORY; runtime not exercised
ios,src/ios/Views/Rootfs/RootfsManagementView.swift,12,STATIC INVENTORY; runtime not exercised
ios,src/ios/Views/Rootfs/RootfsResetButton.swift,19,STATIC INVENTORY; runtime not exercised
ios,src/ios/Views/Settings/AboutView.swift,1,STATIC INVENTORY; runtime not exercised
ios,src/ios/Views/Settings/AgentActivityLogView.swift,6,STATIC INVENTORY; runtime not exercised
ios,src/ios/Views/Settings/AgentTimelineView.swift,1,STATIC INVENTORY; runtime not exercised
ios,src/ios/Views/Settings/AppLockOverlay.swift,1,STATIC INVENTORY; runtime not exercised
ios,src/ios/Views/Settings/AppearanceSettingsSupport.swift,2,STATIC INVENTORY; runtime not exercised
ios,src/ios/Views/Settings/AppearanceSettingsView.swift,11,STATIC INVENTORY; runtime not exercised
ios,src/ios/Views/Settings/AutomationSettingsView.swift,15,STATIC INVENTORY; runtime not exercised
ios,src/ios/Views/Settings/CapabilitiesView.swift,2,STATIC INVENTORY; runtime not exercised
ios,src/ios/Views/Settings/CapabilitySelfTestView.swift,2,STATIC INVENTORY; runtime not exercised
ios,src/ios/Views/Settings/CloudSyncSettingsView.swift,4,STATIC INVENTORY; runtime not exercised
ios,src/ios/Views/Settings/ConfigAuditView.swift,6,STATIC INVENTORY; runtime not exercised
ios,src/ios/Views/Settings/EnhancedBackgroundSettingsView.swift,8,STATIC INVENTORY; runtime not exercised
ios,src/ios/Views/Settings/EnvironmentVariablesView.swift,16,STATIC INVENTORY; runtime not exercised
ios,src/ios/Views/Settings/FaceIDProtectionSettingsView.swift,4,STATIC INVENTORY; runtime not exercised
ios,src/ios/Views/Settings/GatewayViews.swift,38,STATIC INVENTORY; runtime not exercised
ios,src/ios/Views/Settings/LeoReleaseNotesView.swift,1,STATIC INVENTORY; runtime not exercised
ios,src/ios/Views/Settings/LocalBrainSettingsView.swift,2,STATIC INVENTORY; runtime not exercised
ios,src/ios/Views/Settings/LogManagementView.swift,9,STATIC INVENTORY; runtime not exercised
ios,src/ios/Views/Settings/MailAccountsView.swift,13,STATIC INVENTORY; runtime not exercised
ios,src/ios/Views/Settings/MemoryManagementView.swift,10,STATIC INVENTORY; runtime not exercised
ios,src/ios/Views/Settings/MountDetailView.swift,9,STATIC INVENTORY; runtime not exercised
ios,src/ios/Views/Settings/MountedFolderCoordinator.swift,0,STATIC INVENTORY; runtime not exercised
ios,src/ios/Views/Settings/MountedFoldersManager.swift,0,STATIC INVENTORY; runtime not exercised
ios,src/ios/Views/Settings/MountedFoldersSettingsView.swift,8,STATIC INVENTORY; runtime not exercised
ios,src/ios/Views/Settings/OffloadPermissionSettingsView.swift,14,STATIC INVENTORY; runtime not exercised
ios,src/ios/Views/Settings/QuickTaskSettingsView.swift,20,STATIC INVENTORY; runtime not exercised
ios,src/ios/Views/Settings/RemoteHostSettingsView.swift,18,STATIC INVENTORY; runtime not exercised
ios,src/ios/Views/Settings/ScheduledTaskSettingsView.swift,9,STATIC INVENTORY; runtime not exercised
ios,src/ios/Views/Settings/SettingsHomeView.swift,11,STATIC INVENTORY; runtime not exercised
ios,src/ios/Views/Settings/SettingsSheet.swift,2,STATIC INVENTORY; runtime not exercised
ios,src/ios/Views/Settings/SharedFolderVisibility.swift,0,STATIC INVENTORY; runtime not exercised
ios,src/ios/Views/Settings/SharedFoldersSettingsView.swift,1,STATIC INVENTORY; runtime not exercised
ios,src/ios/Views/Settings/SiriCommandCenterView.swift,0,STATIC INVENTORY; runtime not exercised
ios,src/ios/Views/Settings/SoulSettingsView.swift,7,STATIC INVENTORY; runtime not exercised
ios,src/ios/Views/Settings/StorageManagementView.swift,9,STATIC INVENTORY; runtime not exercised
ios,src/ios/Views/Settings/WatchSettingsView.swift,2,STATIC INVENTORY; runtime not exercised
ios,src/ios/Views/Skills/SkillsManagementView.swift,37,STATIC INVENTORY; runtime not exercised
ios,src/ios/Views/Sync/CloudSyncSettingsV2View.swift,10,STATIC INVENTORY; runtime not exercised
ios,src/ios/Views/Sync/SyncMigrationDetailView.swift,21,STATIC INVENTORY; runtime not exercised
android,src/android/app/src/main/java/com/leoyuan/leophoneagent/ui/DisplayBitmapLimits.kt,0,STATIC INVENTORY; runtime not exercised
android,src/android/app/src/main/java/com/leoyuan/leophoneagent/ui/MinisImageFetcher.kt,0,STATIC INVENTORY; runtime not exercised
android,src/android/app/src/main/java/com/leoyuan/leophoneagent/ui/NewerDatabaseGuidanceScreen.kt,1,STATIC INVENTORY; runtime not exercised
android,src/android/app/src/main/java/com/leoyuan/leophoneagent/ui/browser/BrowserDownloadsSheet.kt,3,STATIC INVENTORY; runtime not exercised
android,src/android/app/src/main/java/com/leoyuan/leophoneagent/ui/browser/BrowserExternalSchemeHandler.kt,0,STATIC INVENTORY; runtime not exercised
android,src/android/app/src/main/java/com/leoyuan/leophoneagent/ui/browser/BrowserHistorySheet.kt,5,STATIC INVENTORY; runtime not exercised
android,src/android/app/src/main/java/com/leoyuan/leophoneagent/ui/browser/BrowserSettingsSheet.kt,16,STATIC INVENTORY; runtime not exercised
android,src/android/app/src/main/java/com/leoyuan/leophoneagent/ui/browser/BrowserSheet.kt,7,STATIC INVENTORY; runtime not exercised
android,src/android/app/src/main/java/com/leoyuan/leophoneagent/ui/browser/BrowserWebView.kt,0,STATIC INVENTORY; runtime not exercised
android,src/android/app/src/main/java/com/leoyuan/leophoneagent/ui/chat/AlwaysStretchOverscroll.kt,0,STATIC INVENTORY; runtime not exercised
android,src/android/app/src/main/java/com/leoyuan/leophoneagent/ui/chat/ArtifactCard.kt,0,STATIC INVENTORY; runtime not exercised
android,src/android/app/src/main/java/com/leoyuan/leophoneagent/ui/chat/AudioWaveformView.kt,0,STATIC INVENTORY; runtime not exercised
android,src/android/app/src/main/java/com/leoyuan/leophoneagent/ui/chat/ChatAssistantMessageUI.kt,3,STATIC INVENTORY; runtime not exercised
android,src/android/app/src/main/java/com/leoyuan/leophoneagent/ui/chat/ChatComposerWidgets.kt,2,STATIC INVENTORY; runtime not exercised
android,src/android/app/src/main/java/com/leoyuan/leophoneagent/ui/chat/ChatFlatItems.kt,0,STATIC INVENTORY; runtime not exercised
android,src/android/app/src/main/java/com/leoyuan/leophoneagent/ui/chat/ChatIndicators.kt,0,STATIC INVENTORY; runtime not exercised
android,src/android/app/src/main/java/com/leoyuan/leophoneagent/ui/chat/ChatLinkResolver.kt,0,STATIC INVENTORY; runtime not exercised
android,src/android/app/src/main/java/com/leoyuan/leophoneagent/ui/chat/ChatMiscViews.kt,2,STATIC INVENTORY; runtime not exercised
android,src/android/app/src/main/java/com/leoyuan/leophoneagent/ui/chat/ChatModelPickerSheet.kt,5,STATIC INVENTORY; runtime not exercised
android,src/android/app/src/main/java/com/leoyuan/leophoneagent/ui/chat/ChatModels.kt,0,STATIC INVENTORY; runtime not exercised
android,src/android/app/src/main/java/com/leoyuan/leophoneagent/ui/chat/ChatScreen.kt,8,STATIC INVENTORY; runtime not exercised
android,src/android/app/src/main/java/com/leoyuan/leophoneagent/ui/chat/ChatScreenHelpers.kt,0,STATIC INVENTORY; runtime not exercised
android,src/android/app/src/main/java/com/leoyuan/leophoneagent/ui/chat/ChatToolDetailUI.kt,3,STATIC INVENTORY; runtime not exercised
android,src/android/app/src/main/java/com/leoyuan/leophoneagent/ui/chat/ChatToolFormatting.kt,0,STATIC INVENTORY; runtime not exercised
android,src/android/app/src/main/java/com/leoyuan/leophoneagent/ui/chat/ChatUserMessageUI.kt,2,STATIC INVENTORY; runtime not exercised
android,src/android/app/src/main/java/com/leoyuan/leophoneagent/ui/chat/ChatViewModel.kt,0,STATIC INVENTORY; runtime not exercised
android,src/android/app/src/main/java/com/leoyuan/leophoneagent/ui/chat/ChatViewModelMentionExt.kt,0,STATIC INVENTORY; runtime not exercised
android,src/android/app/src/main/java/com/leoyuan/leophoneagent/ui/chat/ChatViewModelSlashExt.kt,0,STATIC INVENTORY; runtime not exercised
android,src/android/app/src/main/java/com/leoyuan/leophoneagent/ui/chat/ChatViewModelStore.kt,0,STATIC INVENTORY; runtime not exercised
android,src/android/app/src/main/java/com/leoyuan/leophoneagent/ui/chat/ChatViewModelUiStateExt.kt,0,STATIC INVENTORY; runtime not exercised
android,src/android/app/src/main/java/com/leoyuan/leophoneagent/ui/chat/ComposerInputModePrefs.kt,0,STATIC INVENTORY; runtime not exercised
android,src/android/app/src/main/java/com/leoyuan/leophoneagent/ui/chat/InputAttachment.kt,0,STATIC INVENTORY; runtime not exercised
android,src/android/app/src/main/java/com/leoyuan/leophoneagent/ui/chat/KatexWebViewPool.kt,0,STATIC INVENTORY; runtime not exercised
android,src/android/app/src/main/java/com/leoyuan/leophoneagent/ui/chat/LargeContentGuard.kt,2,STATIC INVENTORY; runtime not exercised
android,src/android/app/src/main/java/com/leoyuan/leophoneagent/ui/chat/LazyReadAloudPlayer.kt,0,STATIC INVENTORY; runtime not exercised
android,src/android/app/src/main/java/com/leoyuan/leophoneagent/ui/chat/MarkdownClipboard.kt,0,STATIC INVENTORY; runtime not exercised
android,src/android/app/src/main/java/com/leoyuan/leophoneagent/ui/chat/MemoryDetailScreens.kt,5,STATIC INVENTORY; runtime not exercised
android,src/android/app/src/main/java/com/leoyuan/leophoneagent/ui/chat/MessageBoundsRegistry.kt,0,STATIC INVENTORY; runtime not exercised
android,src/android/app/src/main/java/com/leoyuan/leophoneagent/ui/chat/MinisMarkdownTextToolbar.kt,8,STATIC INVENTORY; runtime not exercised
android,src/android/app/src/main/java/com/leoyuan/leophoneagent/ui/chat/MinisTextKitGesture.kt,6,STATIC INVENTORY; runtime not exercised
android,src/android/app/src/main/java/com/leoyuan/leophoneagent/ui/chat/MinisTextKitSelection.kt,0,STATIC INVENTORY; runtime not exercised
android,src/android/app/src/main/java/com/leoyuan/leophoneagent/ui/chat/MissingOsGrant.kt,1,STATIC INVENTORY; runtime not exercised
android,src/android/app/src/main/java/com/leoyuan/leophoneagent/ui/chat/MoveToSessionSheet.kt,0,STATIC INVENTORY; runtime not exercised
android,src/android/app/src/main/java/com/leoyuan/leophoneagent/ui/chat/OffloadPermissionDialog.kt,3,STATIC INVENTORY; runtime not exercised
android,src/android/app/src/main/java/com/leoyuan/leophoneagent/ui/chat/PastedTextBuffer.kt,1,STATIC INVENTORY; runtime not exercised
android,src/android/app/src/main/java/com/leoyuan/leophoneagent/ui/chat/SessionMcpsSheet.kt,0,STATIC INVENTORY; runtime not exercised
android,src/android/app/src/main/java/com/leoyuan/leophoneagent/ui/chat/SessionMemorySheet.kt,4,STATIC INVENTORY; runtime not exercised
android,src/android/app/src/main/java/com/leoyuan/leophoneagent/ui/chat/SessionSkillsSheet.kt,3,STATIC INVENTORY; runtime not exercised
android,src/android/app/src/main/java/com/leoyuan/leophoneagent/ui/chat/SpeechLanguagePickerSheet.kt,0,STATIC INVENTORY; runtime not exercised
android,src/android/app/src/main/java/com/leoyuan/leophoneagent/ui/chat/StandardChatSheet.kt,1,STATIC INVENTORY; runtime not exercised
android,src/android/app/src/main/java/com/leoyuan/leophoneagent/ui/chat/StreamingFade.kt,0,STATIC INVENTORY; runtime not exercised
android,src/android/app/src/main/java/com/leoyuan/leophoneagent/ui/chat/StreamingMarkdownText.kt,0,STATIC INVENTORY; runtime not exercised
android,src/android/app/src/main/java/com/leoyuan/leophoneagent/ui/chat/SystemResourceMonitor.kt,0,STATIC INVENTORY; runtime not exercised
android,src/android/app/src/main/java/com/leoyuan/leophoneagent/ui/chat/ThinkingLevelLocalized.kt,0,STATIC INVENTORY; runtime not exercised
android,src/android/app/src/main/java/com/leoyuan/leophoneagent/ui/chat/TitlePromptLocale.kt,0,STATIC INVENTORY; runtime not exercised
android,src/android/app/src/main/java/com/leoyuan/leophoneagent/ui/chat/TokenUsageSheet.kt,0,STATIC INVENTORY; runtime not exercised
android,src/android/app/src/main/java/com/leoyuan/leophoneagent/ui/chat/voice/InlineVoiceInputPanel.kt,12,STATIC INVENTORY; runtime not exercised
android,src/android/app/src/main/java/com/leoyuan/leophoneagent/ui/chat/voice/VoiceInputPickerSheet.kt,2,STATIC INVENTORY; runtime not exercised
android,src/android/app/src/main/java/com/leoyuan/leophoneagent/ui/components/DialogTextField.kt,3,STATIC INVENTORY; runtime not exercised
android,src/android/app/src/main/java/com/leoyuan/leophoneagent/ui/components/FullscreenImageViewer.kt,5,STATIC INVENTORY; runtime not exercised
android,src/android/app/src/main/java/com/leoyuan/leophoneagent/ui/components/ImageGalleryViewer.kt,4,STATIC INVENTORY; runtime not exercised
android,src/android/app/src/main/java/com/leoyuan/leophoneagent/ui/components/InAppBrowserLauncher.kt,0,STATIC INVENTORY; runtime not exercised
android,src/android/app/src/main/java/com/leoyuan/leophoneagent/ui/components/IosBounceOverscrollEffect.kt,0,STATIC INVENTORY; runtime not exercised
android,src/android/app/src/main/java/com/leoyuan/leophoneagent/ui/components/MinisAlertDialog.kt,2,STATIC INVENTORY; runtime not exercised
android,src/android/app/src/main/java/com/leoyuan/leophoneagent/ui/components/MinisButton.kt,12,STATIC INVENTORY; runtime not exercised
android,src/android/app/src/main/java/com/leoyuan/leophoneagent/ui/components/MinisMenu.kt,0,STATIC INVENTORY; runtime not exercised
android,src/android/app/src/main/java/com/leoyuan/leophoneagent/ui/components/ModelEntryPicker.kt,3,STATIC INVENTORY; runtime not exercised
android,src/android/app/src/main/java/com/leoyuan/leophoneagent/ui/components/QuickTestSheet.kt,3,STATIC INVENTORY; runtime not exercised
android,src/android/app/src/main/java/com/leoyuan/leophoneagent/ui/components/SectionDesign.kt,0,STATIC INVENTORY; runtime not exercised
android,src/android/app/src/main/java/com/leoyuan/leophoneagent/ui/components/SectionDropdown.kt,1,STATIC INVENTORY; runtime not exercised
android,src/android/app/src/main/java/com/leoyuan/leophoneagent/ui/components/SectionTextField.kt,3,STATIC INVENTORY; runtime not exercised
android,src/android/app/src/main/java/com/leoyuan/leophoneagent/ui/components/UrlPreviewSheet.kt,0,STATIC INVENTORY; runtime not exercised
android,src/android/app/src/main/java/com/leoyuan/leophoneagent/ui/components/WhatsNewDialog.kt,1,STATIC INVENTORY; runtime not exercised
android,src/android/app/src/main/java/com/leoyuan/leophoneagent/ui/markdown/KaTeXView.kt,0,STATIC INVENTORY; runtime not exercised
android,src/android/app/src/main/java/com/leoyuan/leophoneagent/ui/markdown/MarkdownParser.kt,0,STATIC INVENTORY; runtime not exercised
android,src/android/app/src/main/java/com/leoyuan/leophoneagent/ui/markdown/MarkdownText.kt,1,STATIC INVENTORY; runtime not exercised
android,src/android/app/src/main/java/com/leoyuan/leophoneagent/ui/markdown/SyntaxHighlighter.kt,0,STATIC INVENTORY; runtime not exercised
android,src/android/app/src/main/java/com/leoyuan/leophoneagent/ui/media/InlineMediaPlayer.kt,6,STATIC INVENTORY; runtime not exercised
android,src/android/app/src/main/java/com/leoyuan/leophoneagent/ui/navigation/AppNavigation.kt,0,STATIC INVENTORY; runtime not exercised
android,src/android/app/src/main/java/com/leoyuan/leophoneagent/ui/navigation/FoldLayoutPolicy.kt,0,STATIC INVENTORY; runtime not exercised
android,src/android/app/src/main/java/com/leoyuan/leophoneagent/ui/navigation/LeoMotion.kt,0,STATIC INVENTORY; runtime not exercised
android,src/android/app/src/main/java/com/leoyuan/leophoneagent/ui/navigation/SafeNavigate.kt,0,STATIC INVENTORY; runtime not exercised
android,src/android/app/src/main/java/com/leoyuan/leophoneagent/ui/navigation/WorkspaceLayoutStore.kt,0,STATIC INVENTORY; runtime not exercised
android,src/android/app/src/main/java/com/leoyuan/leophoneagent/ui/onboarding/OnboardingModelSelectionScreen.kt,4,STATIC INVENTORY; runtime not exercised
android,src/android/app/src/main/java/com/leoyuan/leophoneagent/ui/onboarding/OnboardingScreen.kt,8,STATIC INVENTORY; runtime not exercised
android,src/android/app/src/main/java/com/leoyuan/leophoneagent/ui/preview/WebPreviewBottomSheet.kt,0,STATIC INVENTORY; runtime not exercised
android,src/android/app/src/main/java/com/leoyuan/leophoneagent/ui/preview/WebPreviewFullscreenScreen.kt,2,STATIC INVENTORY; runtime not exercised
android,src/android/app/src/main/java/com/leoyuan/leophoneagent/ui/preview/WebPreviewShortcut.kt,0,STATIC INVENTORY; runtime not exercised
android,src/android/app/src/main/java/com/leoyuan/leophoneagent/ui/preview/WebViewHolder.kt,0,STATIC INVENTORY; runtime not exercised
android,src/android/app/src/main/java/com/leoyuan/leophoneagent/ui/relay/RelayFleetScreen.kt,16,STATIC INVENTORY; runtime not exercised
android,src/android/app/src/main/java/com/leoyuan/leophoneagent/ui/sandbox/FileBrowserScreen.kt,6,STATIC INVENTORY; runtime not exercised
android,src/android/app/src/main/java/com/leoyuan/leophoneagent/ui/sandbox/FileBrowserViewModel.kt,0,STATIC INVENTORY; runtime not exercised
android,src/android/app/src/main/java/com/leoyuan/leophoneagent/ui/sandbox/FilePreviewScreen.kt,7,STATIC INVENTORY; runtime not exercised
android,src/android/app/src/main/java/com/leoyuan/leophoneagent/ui/sandbox/MirrorSettingsScreen.kt,1,STATIC INVENTORY; runtime not exercised
android,src/android/app/src/main/java/com/leoyuan/leophoneagent/ui/sandbox/RootfsManagementScreen.kt,5,STATIC INVENTORY; runtime not exercised
android,src/android/app/src/main/java/com/leoyuan/leophoneagent/ui/sandbox/RootfsManagementViewModel.kt,0,STATIC INVENTORY; runtime not exercised
android,src/android/app/src/main/java/com/leoyuan/leophoneagent/ui/scheduled/ScheduledTaskEditScreen.kt,19,STATIC INVENTORY; runtime not exercised
android,src/android/app/src/main/java/com/leoyuan/leophoneagent/ui/scheduled/ScheduledTaskRunsScreen.kt,1,STATIC INVENTORY; runtime not exercised
android,src/android/app/src/main/java/com/leoyuan/leophoneagent/ui/scheduled/ScheduledTasksScreen.kt,4,STATIC INVENTORY; runtime not exercised
android,src/android/app/src/main/java/com/leoyuan/leophoneagent/ui/scheduled/ScheduledTasksViewModel.kt,0,STATIC INVENTORY; runtime not exercised
android,src/android/app/src/main/java/com/leoyuan/leophoneagent/ui/sessions/SearchHighlight.kt,0,STATIC INVENTORY; runtime not exercised
android,src/android/app/src/main/java/com/leoyuan/leophoneagent/ui/sessions/SessionListScreen.kt,18,STATIC INVENTORY; runtime not exercised
android,src/android/app/src/main/java/com/leoyuan/leophoneagent/ui/sessions/SessionListViewModel.kt,1,STATIC INVENTORY; runtime not exercised
android,src/android/app/src/main/java/com/leoyuan/leophoneagent/ui/settings/AboutScreen.kt,0,STATIC INVENTORY; runtime not exercised
android,src/android/app/src/main/java/com/leoyuan/leophoneagent/ui/settings/AddCustomModelScreen.kt,3,STATIC INVENTORY; runtime not exercised
android,src/android/app/src/main/java/com/leoyuan/leophoneagent/ui/settings/AddModelsToGroupScreen.kt,3,STATIC INVENTORY; runtime not exercised
android,src/android/app/src/main/java/com/leoyuan/leophoneagent/ui/settings/AddProviderScreen.kt,12,STATIC INVENTORY; runtime not exercised
android,src/android/app/src/main/java/com/leoyuan/leophoneagent/ui/settings/AgentLoopAddSheets.kt,6,STATIC INVENTORY; runtime not exercised
android,src/android/app/src/main/java/com/leoyuan/leophoneagent/ui/settings/AppearanceScreen.kt,1,STATIC INVENTORY; runtime not exercised
android,src/android/app/src/main/java/com/leoyuan/leophoneagent/ui/settings/BackgroundSettingsScreen.kt,1,STATIC INVENTORY; runtime not exercised
android,src/android/app/src/main/java/com/leoyuan/leophoneagent/ui/settings/CheckUpdateSection.kt,3,STATIC INVENTORY; runtime not exercised
android,src/android/app/src/main/java/com/leoyuan/leophoneagent/ui/settings/CliToolsScreen.kt,24,STATIC INVENTORY; runtime not exercised
android,src/android/app/src/main/java/com/leoyuan/leophoneagent/ui/settings/CliToolsViewModel.kt,0,STATIC INVENTORY; runtime not exercised
android,src/android/app/src/main/java/com/leoyuan/leophoneagent/ui/settings/ConfigAuditScreen.kt,3,STATIC INVENTORY; runtime not exercised
android,src/android/app/src/main/java/com/leoyuan/leophoneagent/ui/settings/ConfigConfirmDialog.kt,2,STATIC INVENTORY; runtime not exercised
android,src/android/app/src/main/java/com/leoyuan/leophoneagent/ui/settings/EnvironmentVariablesScreen.kt,11,STATIC INVENTORY; runtime not exercised
android,src/android/app/src/main/java/com/leoyuan/leophoneagent/ui/settings/KimiDeviceLoginDialog.kt,1,STATIC INVENTORY; runtime not exercised
android,src/android/app/src/main/java/com/leoyuan/leophoneagent/ui/settings/LogManagementScreen.kt,6,STATIC INVENTORY; runtime not exercised
android,src/android/app/src/main/java/com/leoyuan/leophoneagent/ui/settings/MCPIntegrationsScreen.kt,35,STATIC INVENTORY; runtime not exercised
android,src/android/app/src/main/java/com/leoyuan/leophoneagent/ui/settings/MemoryManagementScreen.kt,5,STATIC INVENTORY; runtime not exercised
android,src/android/app/src/main/java/com/leoyuan/leophoneagent/ui/settings/MinisSkillsBrowserScreen.kt,2,STATIC INVENTORY; runtime not exercised
android,src/android/app/src/main/java/com/leoyuan/leophoneagent/ui/settings/ModelEntryDetailScreen.kt,6,STATIC INVENTORY; runtime not exercised
android,src/android/app/src/main/java/com/leoyuan/leophoneagent/ui/settings/ModelGroupDetailScreen.kt,12,STATIC INVENTORY; runtime not exercised
android,src/android/app/src/main/java/com/leoyuan/leophoneagent/ui/settings/ModelGroupsScreen.kt,10,STATIC INVENTORY; runtime not exercised
android,src/android/app/src/main/java/com/leoyuan/leophoneagent/ui/settings/MountDetailScreen.kt,5,STATIC INVENTORY; runtime not exercised
android,src/android/app/src/main/java/com/leoyuan/leophoneagent/ui/settings/MountedFoldersScreen.kt,6,STATIC INVENTORY; runtime not exercised
android,src/android/app/src/main/java/com/leoyuan/leophoneagent/ui/settings/OffloadPermissionScreen.kt,3,STATIC INVENTORY; runtime not exercised
android,src/android/app/src/main/java/com/leoyuan/leophoneagent/ui/settings/ProviderDetailScreen.kt,27,STATIC INVENTORY; runtime not exercised
android,src/android/app/src/main/java/com/leoyuan/leophoneagent/ui/settings/ProviderImportZip.kt,0,STATIC INVENTORY; runtime not exercised
android,src/android/app/src/main/java/com/leoyuan/leophoneagent/ui/settings/ProviderListScreen.kt,1,STATIC INVENTORY; runtime not exercised
android,src/android/app/src/main/java/com/leoyuan/leophoneagent/ui/settings/SettingsComponents.kt,1,STATIC INVENTORY; runtime not exercised
android,src/android/app/src/main/java/com/leoyuan/leophoneagent/ui/settings/SettingsScreen.kt,1,STATIC INVENTORY; runtime not exercised
android,src/android/app/src/main/java/com/leoyuan/leophoneagent/ui/settings/SettingsSearch.kt,0,STATIC INVENTORY; runtime not exercised
android,src/android/app/src/main/java/com/leoyuan/leophoneagent/ui/settings/ShadowVoiceDetailScreen.kt,0,STATIC INVENTORY; runtime not exercised
android,src/android/app/src/main/java/com/leoyuan/leophoneagent/ui/settings/SharedFolderDetailScreen.kt,1,STATIC INVENTORY; runtime not exercised
android,src/android/app/src/main/java/com/leoyuan/leophoneagent/ui/settings/SharedFoldersScreen.kt,1,STATIC INVENTORY; runtime not exercised
android,src/android/app/src/main/java/com/leoyuan/leophoneagent/ui/settings/ShizukuPermissionScreen.kt,0,STATIC INVENTORY; runtime not exercised
android,src/android/app/src/main/java/com/leoyuan/leophoneagent/ui/settings/SkillRowItem.kt,0,STATIC INVENTORY; runtime not exercised
android,src/android/app/src/main/java/com/leoyuan/leophoneagent/ui/settings/SkillsManagementScreen.kt,22,STATIC INVENTORY; runtime not exercised
android,src/android/app/src/main/java/com/leoyuan/leophoneagent/ui/settings/SoulSettingsScreen.kt,10,STATIC INVENTORY; runtime not exercised
android,src/android/app/src/main/java/com/leoyuan/leophoneagent/ui/settings/StorageManagementScreen.kt,4,STATIC INVENTORY; runtime not exercised
android,src/android/app/src/main/java/com/leoyuan/leophoneagent/ui/settings/SystemPermissionHub.kt,0,STATIC INVENTORY; runtime not exercised
android,src/android/app/src/main/java/com/leoyuan/leophoneagent/ui/settings/SystemPermissionsScreen.kt,3,STATIC INVENTORY; runtime not exercised
android,src/android/app/src/main/java/com/leoyuan/leophoneagent/ui/settings/UsageStatsScreen.kt,0,STATIC INVENTORY; runtime not exercised
android,src/android/app/src/main/java/com/leoyuan/leophoneagent/ui/terminal/AnsiParser.kt,0,STATIC INVENTORY; runtime not exercised
android,src/android/app/src/main/java/com/leoyuan/leophoneagent/ui/terminal/TerminalFonts.kt,0,STATIC INVENTORY; runtime not exercised
android,src/android/app/src/main/java/com/leoyuan/leophoneagent/ui/terminal/TerminalScreen.kt,17,STATIC INVENTORY; runtime not exercised
android,src/android/app/src/main/java/com/leoyuan/leophoneagent/ui/terminal/canvas/TerminalCanvasView.kt,0,STATIC INVENTORY; runtime not exercised
android,src/android/app/src/main/java/com/leoyuan/leophoneagent/ui/terminal/canvas/TerminalInputView.kt,0,STATIC INVENTORY; runtime not exercised
android,src/android/app/src/main/java/com/leoyuan/leophoneagent/ui/terminal/canvas/TerminalNativeView.kt,0,STATIC INVENTORY; runtime not exercised
android,src/android/app/src/main/java/com/leoyuan/leophoneagent/ui/terminal/emulator/AnsiParser.kt,0,STATIC INVENTORY; runtime not exercised
android,src/android/app/src/main/java/com/leoyuan/leophoneagent/ui/terminal/emulator/TerminalBuffer.kt,0,STATIC INVENTORY; runtime not exercised
android,src/android/app/src/main/java/com/leoyuan/leophoneagent/ui/terminal/emulator/TerminalEmulator.kt,0,STATIC INVENTORY; runtime not exercised
android,src/android/app/src/main/java/com/leoyuan/leophoneagent/ui/terminal/emulator/TerminalTypes.kt,0,STATIC INVENTORY; runtime not exercised
android,src/android/app/src/main/java/com/leoyuan/leophoneagent/ui/theme/ChatColors.kt,0,STATIC INVENTORY; runtime not exercised
android,src/android/app/src/main/java/com/leoyuan/leophoneagent/ui/theme/Theme.kt,0,STATIC INVENTORY; runtime not exercised
android,src/android/app/src/main/java/com/leoyuan/leophoneagent/ui/treasury/TreasuryScreen.kt,25,STATIC INVENTORY; runtime not exercised
android,src/android/app/src/main/java/com/leoyuan/leophoneagent/ui/util/BringIntoViewOnFocus.kt,0,STATIC INVENTORY; runtime not exercised
android,src/android/app/src/main/java/com/leoyuan/leophoneagent/ui/util/UrlLinkifier.kt,0,STATIC INVENTORY; runtime not exercised
harmony,src/harmony/app/entry/src/main/ets/pages/AddProviderPage.ets,6,STATIC INVENTORY; runtime not exercised
harmony,src/harmony/app/entry/src/main/ets/pages/AppearancePage.ets,1,STATIC INVENTORY; runtime not exercised
harmony,src/harmony/app/entry/src/main/ets/pages/BodyPage.ets,3,STATIC INVENTORY; runtime not exercised
harmony,src/harmony/app/entry/src/main/ets/pages/CollectionsPage.ets,2,STATIC INVENTORY; runtime not exercised
harmony,src/harmony/app/entry/src/main/ets/pages/EnvPage.ets,3,STATIC INVENTORY; runtime not exercised
harmony,src/harmony/app/entry/src/main/ets/pages/FleetPage.ets,0,STATIC INVENTORY; runtime not exercised
harmony,src/harmony/app/entry/src/main/ets/pages/HomePage.ets,0,STATIC INVENTORY; runtime not exercised
harmony,src/harmony/app/entry/src/main/ets/pages/LocalChatPage.ets,0,STATIC INVENTORY; runtime not exercised
harmony,src/harmony/app/entry/src/main/ets/pages/McpPage.ets,4,STATIC INVENTORY; runtime not exercised
harmony,src/harmony/app/entry/src/main/ets/pages/MemoryPage.ets,1,STATIC INVENTORY; runtime not exercised
harmony,src/harmony/app/entry/src/main/ets/pages/ModelGroupsPage.ets,2,STATIC INVENTORY; runtime not exercised
harmony,src/harmony/app/entry/src/main/ets/pages/ProviderDetailPage.ets,12,STATIC INVENTORY; runtime not exercised
harmony,src/harmony/app/entry/src/main/ets/pages/ProviderListPage.ets,0,STATIC INVENTORY; runtime not exercised
harmony,src/harmony/app/entry/src/main/ets/pages/RelayPage.ets,3,STATIC INVENTORY; runtime not exercised
harmony,src/harmony/app/entry/src/main/ets/pages/ReleaseNotesPage.ets,0,STATIC INVENTORY; runtime not exercised
harmony,src/harmony/app/entry/src/main/ets/pages/RemoteChatPage.ets,0,STATIC INVENTORY; runtime not exercised
harmony,src/harmony/app/entry/src/main/ets/pages/RuntimePage.ets,0,STATIC INVENTORY; runtime not exercised
harmony,src/harmony/app/entry/src/main/ets/pages/SchedulePage.ets,5,STATIC INVENTORY; runtime not exercised
harmony,src/harmony/app/entry/src/main/ets/pages/SettingsPage.ets,0,STATIC INVENTORY; runtime not exercised
harmony,src/harmony/app/entry/src/main/ets/pages/SkillsPage.ets,2,STATIC INVENTORY; runtime not exercised
harmony,src/harmony/app/entry/src/main/ets/pages/SoulPage.ets,1,STATIC INVENTORY; runtime not exercised
harmony,src/harmony/app/entry/src/main/ets/pages/UsagePage.ets,0,STATIC INVENTORY; runtime not exercised
harmony,src/harmony/app/entry/src/main/ets/pages/WebPage.ets,0,STATIC INVENTORY; runtime not exercised
harmony,src/harmony/app/entry/src/main/ets/pages/WorkspacePage.ets,0,STATIC INVENTORY; runtime not exercised
mac,src/mac/leophone/packages/ui/src/app-shell/AnimatedSidePanePanel.tsx,3,STATIC INVENTORY; runtime not exercised
mac,src/mac/leophone/packages/ui/src/app-shell/AnimatedTerminalPanel.tsx,0,STATIC INVENTORY; runtime not exercised
mac,src/mac/leophone/packages/ui/src/app-shell/BackgroundBashOutputSidePane.tsx,3,STATIC INVENTORY; runtime not exercised
mac,src/mac/leophone/packages/ui/src/app-shell/BrowserTabFavicon.tsx,0,STATIC INVENTORY; runtime not exercised
mac,src/mac/leophone/packages/ui/src/app-shell/BrowserUseTabIcon.tsx,0,STATIC INVENTORY; runtime not exercised
mac,src/mac/leophone/packages/ui/src/app-shell/PlanDetailSidePane.tsx,0,STATIC INVENTORY; runtime not exercised
mac,src/mac/leophone/packages/ui/src/app-shell/SelectionSideChatPane.tsx,0,STATIC INVENTORY; runtime not exercised
mac,src/mac/leophone/packages/ui/src/app-shell/SidePaneTabOverview.tsx,2,STATIC INVENTORY; runtime not exercised
mac,src/mac/leophone/packages/ui/src/app-shell/SidePaneTabTitleTooltip.tsx,0,STATIC INVENTORY; runtime not exercised
mac,src/mac/leophone/packages/ui/src/app-shell/SidePaneTabTrigger.tsx,1,STATIC INVENTORY; runtime not exercised
mac,src/mac/leophone/packages/ui/src/app-shell/SubagentDirectorySidePane.tsx,2,STATIC INVENTORY; runtime not exercised
mac,src/mac/leophone/packages/ui/src/app-shell/SubagentSessionSidePane.tsx,0,STATIC INVENTORY; runtime not exercised
mac,src/mac/leophone/packages/ui/src/app-shell/WorkflowActorSessionSidePane.tsx,0,STATIC INVENTORY; runtime not exercised
mac,src/mac/leophone/packages/ui/src/app-shell/WorkflowArtifactSidePane.tsx,4,STATIC INVENTORY; runtime not exercised
mac,src/mac/leophone/packages/ui/src/app-shell/WorkflowRunArtifactsSection.tsx,1,STATIC INVENTORY; runtime not exercised
mac,src/mac/leophone/packages/ui/src/app-shell/WorkflowRunDirectorySidePane.tsx,1,STATIC INVENTORY; runtime not exercised
mac,src/mac/leophone/packages/ui/src/app-shell/WorkflowRunPhaseList.tsx,2,STATIC INVENTORY; runtime not exercised
mac,src/mac/leophone/packages/ui/src/app-shell/WorkflowRunProvenance.tsx,0,STATIC INVENTORY; runtime not exercised
mac,src/mac/leophone/packages/ui/src/app-shell/WorkflowRunQuestionRow.tsx,0,STATIC INVENTORY; runtime not exercised
mac,src/mac/leophone/packages/ui/src/app-shell/WorkflowRunSectionToggle.tsx,2,STATIC INVENTORY; runtime not exercised
mac,src/mac/leophone/packages/ui/src/app-shell/WorkflowRunSidePane.tsx,0,STATIC INVENTORY; runtime not exercised
mac,src/mac/leophone/packages/ui/src/app-shell/WorkflowRunSidePaneSections.tsx,5,STATIC INVENTORY; runtime not exercised
mac,src/mac/leophone/packages/ui/src/app-shell/WorkflowRunSpineParts.tsx,0,STATIC INVENTORY; runtime not exercised
mac,src/mac/leophone/packages/ui/src/app-shell/WorkflowWorkspaceCard.tsx,0,STATIC INVENTORY; runtime not exercised
mac,src/mac/leophone/packages/ui/src/app-shell/WorkflowWorkspaceCardBody.tsx,2,STATIC INVENTORY; runtime not exercised
mac,src/mac/leophone/packages/ui/src/app-shell/WorkflowWorkspacePeek.tsx,0,STATIC INVENTORY; runtime not exercised
mac,src/mac/leophone/packages/ui/src/app-shell/WorkflowWorkspaceSidePane.tsx,0,STATIC INVENTORY; runtime not exercised
mac,src/mac/leophone/packages/ui/src/app-shell/WorkspaceShellLayout.tsx,0,STATIC INVENTORY; runtime not exercised
mac,src/mac/leophone/packages/ui/src/app-shell/workflow-artifacts/ArtifactPresetBody.tsx,0,STATIC INVENTORY; runtime not exercised
mac,src/mac/leophone/packages/ui/src/app-shell/workflow-artifacts/WorkflowArtifactBody.tsx,0,STATIC INVENTORY; runtime not exercised
mac,src/mac/leophone/packages/ui/src/app-shell/workflow-artifacts/WorkflowArtifactCards.tsx,1,STATIC INVENTORY; runtime not exercised
mac,src/mac/leophone/packages/ui/src/app-shell/workflow-artifacts/WorkflowArtifactTilePreview.tsx,0,STATIC INVENTORY; runtime not exercised
mac,src/mac/leophone/packages/ui/src/app-shell/workflow-artifacts/artifactPresentation.tsx,0,STATIC INVENTORY; runtime not exercised
mac,src/mac/leophone/packages/ui/src/app-shell/workflow-artifacts/presets/ArtifactBoard.tsx,0,STATIC INVENTORY; runtime not exercised
mac,src/mac/leophone/packages/ui/src/app-shell/workflow-artifacts/presets/ArtifactChart.tsx,0,STATIC INVENTORY; runtime not exercised
mac,src/mac/leophone/packages/ui/src/app-shell/workflow-artifacts/presets/ArtifactChartView.tsx,0,STATIC INVENTORY; runtime not exercised
mac,src/mac/leophone/packages/ui/src/app-shell/workflow-artifacts/presets/ArtifactMetrics.tsx,0,STATIC INVENTORY; runtime not exercised
mac,src/mac/leophone/packages/ui/src/app-shell/workflow-artifacts/presets/ArtifactTable.tsx,0,STATIC INVENTORY; runtime not exercised
mac,src/mac/leophone/packages/ui/src/app-shell/workflow-artifacts/presets/parts.tsx,0,STATIC INVENTORY; runtime not exercised
mac,src/mac/leophone/packages/ui/src/leo/DirectConnectionSettings.tsx,8,STATIC INVENTORY; runtime not exercised
mac,src/mac/leophone/packages/ui/src/leo/LeoDraftStatusList.tsx,1,STATIC INVENTORY; runtime not exercised
mac,src/mac/leophone/packages/ui/src/leo/LeoHomeContext.tsx,0,STATIC INVENTORY; runtime not exercised
mac,src/mac/leophone/packages/ui/src/leo/LeoMark.tsx,0,STATIC INVENTORY; runtime not exercised
mac,src/mac/leophone/packages/ui/src/leo/LeoPhoneLinkSection.tsx,2,STATIC INVENTORY; runtime not exercised
mac,src/mac/leophone/packages/ui/src/leo/LeoWhatsNew.tsx,1,STATIC INVENTORY; runtime not exercised
mac,src/mac/leophone/packages/ui/src/settings/AddMarketplaceSourceDialog.tsx,2,STATIC INVENTORY; runtime not exercised
mac,src/mac/leophone/packages/ui/src/settings/AutomationDesignPrimitives.tsx,2,STATIC INVENTORY; runtime not exercised
mac,src/mac/leophone/packages/ui/src/settings/AutomationEditView.tsx,36,STATIC INVENTORY; runtime not exercised
mac,src/mac/leophone/packages/ui/src/settings/AutomationIcons.tsx,0,STATIC INVENTORY; runtime not exercised
mac,src/mac/leophone/packages/ui/src/settings/AutomationInstructionsComposer.tsx,0,STATIC INVENTORY; runtime not exercised
mac,src/mac/leophone/packages/ui/src/settings/AutomationScheduleBadge.tsx,0,STATIC INVENTORY; runtime not exercised
mac,src/mac/leophone/packages/ui/src/settings/AutomationScheduledTemplateIcon.tsx,0,STATIC INVENTORY; runtime not exercised
mac,src/mac/leophone/packages/ui/src/settings/AutomationSwitchToggle.tsx,2,STATIC INVENTORY; runtime not exercised
mac,src/mac/leophone/packages/ui/src/settings/AutomationTemplateSkeletonGrid.tsx,0,STATIC INVENTORY; runtime not exercised
mac,src/mac/leophone/packages/ui/src/settings/AutomationsMainBreadcrumbFrame.tsx,0,STATIC INVENTORY; runtime not exercised
mac,src/mac/leophone/packages/ui/src/settings/AutomationsSection.tsx,9,STATIC INVENTORY; runtime not exercised
mac,src/mac/leophone/packages/ui/src/settings/BrowserSettingsSection.tsx,2,STATIC INVENTORY; runtime not exercised
mac,src/mac/leophone/packages/ui/src/settings/CodingPlanEntryButton.tsx,2,STATIC INVENTORY; runtime not exercised
mac,src/mac/leophone/packages/ui/src/settings/CodingPlanUpgradeDialogProvider.tsx,0,STATIC INVENTORY; runtime not exercised
mac,src/mac/leophone/packages/ui/src/settings/CommandCard.tsx,1,STATIC INVENTORY; runtime not exercised
mac,src/mac/leophone/packages/ui/src/settings/CommandForm.tsx,3,STATIC INVENTORY; runtime not exercised
mac,src/mac/leophone/packages/ui/src/settings/CommandsSection.tsx,1,STATIC INVENTORY; runtime not exercised
mac,src/mac/leophone/packages/ui/src/settings/ComputerUseSection.tsx,4,STATIC INVENTORY; runtime not exercised
mac,src/mac/leophone/packages/ui/src/settings/DataBaseDirControl.tsx,2,STATIC INVENTORY; runtime not exercised
mac,src/mac/leophone/packages/ui/src/settings/ExternalAgentImportDialog.tsx,11,STATIC INVENTORY; runtime not exercised
mac,src/mac/leophone/packages/ui/src/settings/HookForm.tsx,3,STATIC INVENTORY; runtime not exercised
mac,src/mac/leophone/packages/ui/src/settings/HooksList.tsx,3,STATIC INVENTORY; runtime not exercised
mac,src/mac/leophone/packages/ui/src/settings/HooksSection.tsx,1,STATIC INVENTORY; runtime not exercised
mac,src/mac/leophone/packages/ui/src/settings/InstalledPluginManagement.tsx,0,STATIC INVENTORY; runtime not exercised
mac,src/mac/leophone/packages/ui/src/settings/McpFailurePresentation.tsx,1,STATIC INVENTORY; runtime not exercised
mac,src/mac/leophone/packages/ui/src/settings/McpServerForm.tsx,4,STATIC INVENTORY; runtime not exercised
mac,src/mac/leophone/packages/ui/src/settings/McpServerList.tsx,3,STATIC INVENTORY; runtime not exercised
mac,src/mac/leophone/packages/ui/src/settings/McpSettingsSection.tsx,5,STATIC INVENTORY; runtime not exercised
mac,src/mac/leophone/packages/ui/src/settings/MemorySettingsSection.tsx,0,STATIC INVENTORY; runtime not exercised
mac,src/mac/leophone/packages/ui/src/settings/MemorySettingsViewer.tsx,0,STATIC INVENTORY; runtime not exercised
mac,src/mac/leophone/packages/ui/src/settings/MigrationCandidatesCard.tsx,4,STATIC INVENTORY; runtime not exercised
mac,src/mac/leophone/packages/ui/src/settings/MigrationSection.tsx,1,STATIC INVENTORY; runtime not exercised
mac,src/mac/leophone/packages/ui/src/settings/ModelProviderSection.tsx,1,STATIC INVENTORY; runtime not exercised
mac,src/mac/leophone/packages/ui/src/settings/OffPeakEditActionsMenu.tsx,1,STATIC INVENTORY; runtime not exercised
mac,src/mac/leophone/packages/ui/src/settings/OffPeakEditView.tsx,4,STATIC INVENTORY; runtime not exercised
mac,src/mac/leophone/packages/ui/src/settings/OffPeakHistoryTab.tsx,1,STATIC INVENTORY; runtime not exercised
mac,src/mac/leophone/packages/ui/src/settings/OffPeakTaskList.tsx,2,STATIC INVENTORY; runtime not exercised
mac,src/mac/leophone/packages/ui/src/settings/OffPeakTemplateIcon.tsx,0,STATIC INVENTORY; runtime not exercised
mac,src/mac/leophone/packages/ui/src/settings/PluginAddMenu.tsx,1,STATIC INVENTORY; runtime not exercised
mac,src/mac/leophone/packages/ui/src/settings/PluginComponentGroups.tsx,0,STATIC INVENTORY; runtime not exercised
mac,src/mac/leophone/packages/ui/src/settings/PluginConfigControls.tsx,3,STATIC INVENTORY; runtime not exercised
mac,src/mac/leophone/packages/ui/src/settings/PluginInstallEmptyState.tsx,0,STATIC INVENTORY; runtime not exercised
mac,src/mac/leophone/packages/ui/src/settings/PluginScopeMenu.tsx,1,STATIC INVENTORY; runtime not exercised
mac,src/mac/leophone/packages/ui/src/settings/PluginStoreAvatar.tsx,0,STATIC INVENTORY; runtime not exercised
mac,src/mac/leophone/packages/ui/src/settings/PluginStoreCard.tsx,5,STATIC INVENTORY; runtime not exercised
mac,src/mac/leophone/packages/ui/src/settings/PluginStoreDetailView.tsx,4,STATIC INVENTORY; runtime not exercised
mac,src/mac/leophone/packages/ui/src/settings/PluginStoreListView.tsx,8,STATIC INVENTORY; runtime not exercised
mac,src/mac/leophone/packages/ui/src/settings/PluginStorePage.tsx,3,STATIC INVENTORY; runtime not exercised
mac,src/mac/leophone/packages/ui/src/settings/PluginStoreSourcesDialog.tsx,2,STATIC INVENTORY; runtime not exercised
mac,src/mac/leophone/packages/ui/src/settings/PluginUninstallConfirmDialog.tsx,0,STATIC INVENTORY; runtime not exercised
mac,src/mac/leophone/packages/ui/src/settings/PluginsSection.tsx,5,STATIC INVENTORY; runtime not exercised
mac,src/mac/leophone/packages/ui/src/settings/ProactiveSuggestionsSetting.tsx,0,STATIC INVENTORY; runtime not exercised
mac,src/mac/leophone/packages/ui/src/settings/RemoteMcpSyncDialog.tsx,5,STATIC INVENTORY; runtime not exercised
mac,src/mac/leophone/packages/ui/src/settings/RemotePluginSyncDialog.tsx,6,STATIC INVENTORY; runtime not exercised
mac,src/mac/leophone/packages/ui/src/settings/RemoteSkillSyncDialog.tsx,3,STATIC INVENTORY; runtime not exercised
mac,src/mac/leophone/packages/ui/src/settings/RemoteSkillSyncResultList.tsx,0,STATIC INVENTORY; runtime not exercised
mac,src/mac/leophone/packages/ui/src/settings/RemoteSkillSyncSelectionList.tsx,4,STATIC INVENTORY; runtime not exercised
mac,src/mac/leophone/packages/ui/src/settings/RemoteSkillSyncTitle.tsx,0,STATIC INVENTORY; runtime not exercised
mac,src/mac/leophone/packages/ui/src/settings/RemoteSyncActions.tsx,2,STATIC INVENTORY; runtime not exercised
mac,src/mac/leophone/packages/ui/src/settings/SettingsFormActions.tsx,0,STATIC INVENTORY; runtime not exercised
mac,src/mac/leophone/packages/ui/src/settings/SettingsFormTextarea.tsx,0,STATIC INVENTORY; runtime not exercised
mac,src/mac/leophone/packages/ui/src/settings/SettingsHeaderBreadcrumb.tsx,1,STATIC INVENTORY; runtime not exercised
mac,src/mac/leophone/packages/ui/src/settings/SettingsPageParts.tsx,0,STATIC INVENTORY; runtime not exercised
mac,src/mac/leophone/packages/ui/src/settings/SettingsResourceGroup.tsx,0,STATIC INVENTORY; runtime not exercised
mac,src/mac/leophone/packages/ui/src/settings/SettingsResourceGroupHeader.tsx,0,STATIC INVENTORY; runtime not exercised
mac,src/mac/leophone/packages/ui/src/settings/SettingsResourceHeaderActions.tsx,3,STATIC INVENTORY; runtime not exercised
mac,src/mac/leophone/packages/ui/src/settings/SettingsScopeBadge.tsx,0,STATIC INVENTORY; runtime not exercised
mac,src/mac/leophone/packages/ui/src/settings/SettingsSearchInput.tsx,1,STATIC INVENTORY; runtime not exercised
mac,src/mac/leophone/packages/ui/src/settings/SettingsSegmentedTabs.tsx,0,STATIC INVENTORY; runtime not exercised
mac,src/mac/leophone/packages/ui/src/settings/ShortcutBindingRow.tsx,5,STATIC INVENTORY; runtime not exercised
mac,src/mac/leophone/packages/ui/src/settings/ShortcutSearchBar.tsx,2,STATIC INVENTORY; runtime not exercised
mac,src/mac/leophone/packages/ui/src/settings/ShortcutSettingsSection.tsx,1,STATIC INVENTORY; runtime not exercised
mac,src/mac/leophone/packages/ui/src/settings/SkillsSection.tsx,6,STATIC INVENTORY; runtime not exercised
mac,src/mac/leophone/packages/ui/src/settings/StatusDot.tsx,0,STATIC INVENTORY; runtime not exercised
mac,src/mac/leophone/packages/ui/src/settings/SubagentReasoningField.tsx,0,STATIC INVENTORY; runtime not exercised
mac,src/mac/leophone/packages/ui/src/settings/SubagentsSection.tsx,12,STATIC INVENTORY; runtime not exercised
mac,src/mac/leophone/packages/ui/src/settings/UsageStatsSection.tsx,0,STATIC INVENTORY; runtime not exercised
mac,src/mac/leophone/packages/ui/src/settings/WorkspaceFileSearchSection.tsx,4,STATIC INVENTORY; runtime not exercised
mac,src/mac/leophone/packages/ui/src/settings/WorkspaceHookTrustNotice.tsx,0,STATIC INVENTORY; runtime not exercised
mac,src/mac/leophone/packages/ui/src/settings/model-provider-section/ApiKeyInput.tsx,1,STATIC INVENTORY; runtime not exercised
mac,src/mac/leophone/packages/ui/src/settings/model-provider-section/BigModelRegistrationHint.tsx,1,STATIC INVENTORY; runtime not exercised
mac,src/mac/leophone/packages/ui/src/settings/model-provider-section/CodingPlanStatusActions.tsx,2,STATIC INVENTORY; runtime not exercised
mac,src/mac/leophone/packages/ui/src/settings/model-provider-section/CodingPlanStatusMeta.tsx,2,STATIC INVENTORY; runtime not exercised
mac,src/mac/leophone/packages/ui/src/settings/model-provider-section/Detail.tsx,1,STATIC INVENTORY; runtime not exercised
mac,src/mac/leophone/packages/ui/src/settings/model-provider-section/InlineEditableProviderCard.tsx,0,STATIC INVENTORY; runtime not exercised
mac,src/mac/leophone/packages/ui/src/settings/model-provider-section/ModelConfigHelp.tsx,1,STATIC INVENTORY; runtime not exercised
mac,src/mac/leophone/packages/ui/src/settings/model-provider-section/ModelEditorAdvanced.tsx,1,STATIC INVENTORY; runtime not exercised
mac,src/mac/leophone/packages/ui/src/settings/model-provider-section/Navigation.tsx,3,STATIC INVENTORY; runtime not exercised
mac,src/mac/leophone/packages/ui/src/settings/model-provider-section/PresetProviderApiKeyBanner.tsx,1,STATIC INVENTORY; runtime not exercised
mac,src/mac/leophone/packages/ui/src/settings/model-provider-section/ProviderApiFormatSelect.tsx,0,STATIC INVENTORY; runtime not exercised
mac,src/mac/leophone/packages/ui/src/settings/model-provider-section/ProviderCardSections.tsx,2,STATIC INVENTORY; runtime not exercised
mac,src/mac/leophone/packages/ui/src/settings/model-provider-section/ProviderDetailFeedback.tsx,2,STATIC INVENTORY; runtime not exercised
mac,src/mac/leophone/packages/ui/src/settings/model-provider-section/ProviderFamilyModeHeader.tsx,0,STATIC INVENTORY; runtime not exercised
mac,src/mac/leophone/packages/ui/src/settings/model-provider-section/ProviderFormControls.tsx,2,STATIC INVENTORY; runtime not exercised
mac,src/mac/leophone/packages/ui/src/settings/model-provider-section/ProviderLogo.tsx,0,STATIC INVENTORY; runtime not exercised
mac,src/mac/leophone/packages/ui/src/settings/model-provider-section/ProviderModelMetadataDialog.tsx,1,STATIC INVENTORY; runtime not exercised
mac,src/mac/leophone/packages/ui/src/settings/model-provider-section/ProviderModelMetadataDialogActions.tsx,4,STATIC INVENTORY; runtime not exercised
mac,src/mac/leophone/packages/ui/src/settings/model-provider-section/ProviderModelMetadataFields.tsx,1,STATIC INVENTORY; runtime not exercised
mac,src/mac/leophone/packages/ui/src/settings/model-provider-section/ProviderModelModalityOptions.tsx,1,STATIC INVENTORY; runtime not exercised
mac,src/mac/leophone/packages/ui/src/settings/model-provider-section/ProviderModelReasoningLevelEditor.tsx,5,STATIC INVENTORY; runtime not exercised
mac,src/mac/leophone/packages/ui/src/settings/model-provider-section/ProviderModelSettingsGroups.tsx,0,STATIC INVENTORY; runtime not exercised
mac,src/mac/leophone/packages/ui/src/settings/model-provider-section/ProviderStatusIndicator.tsx,0,STATIC INVENTORY; runtime not exercised
mac,src/mac/leophone/packages/ui/src/settings/model-provider-section/ProviderTemplatePicker.tsx,2,STATIC INVENTORY; runtime not exercised
mac,src/mac/leophone/packages/ui/src/settings/model-provider-section/SectionLayout.tsx,1,STATIC INVENTORY; runtime not exercised
mac,src/mac/leophone/packages/ui/src/settings/model-provider-section/SortableProviderModelList.tsx,0,STATIC INVENTORY; runtime not exercised
mac,src/mac/leophone/packages/ui/src/settings/model-provider-section/StartPlanBalanceCard.tsx,0,STATIC INVENTORY; runtime not exercised
mac,src/mac/leophone/packages/ui/src/settings/model-provider-section/StartPlanCard.tsx,0,STATIC INVENTORY; runtime not exercised
mac,src/mac/leophone/packages/ui/src/settings/model-provider-section/StartPlanQuotaStatusCard.tsx,0,STATIC INVENTORY; runtime not exercised
mac,src/mac/leophone/packages/ui/src/settings/model-provider-section/StatusCards.tsx,4,STATIC INVENTORY; runtime not exercised
mac,src/mac/leophone/packages/ui/src/settings/model-provider-section/utils.tsx,0,STATIC INVENTORY; runtime not exercised
mac,src/mac/leophone/packages/ui/src/settings/saved-workflows/AutomationsPageTitleSwitch.tsx,1,STATIC INVENTORY; runtime not exercised
mac,src/mac/leophone/packages/ui/src/settings/saved-workflows/SavedWorkflowArgsTable.tsx,2,STATIC INVENTORY; runtime not exercised
mac,src/mac/leophone/packages/ui/src/settings/saved-workflows/SavedWorkflowArtifactChips.tsx,0,STATIC INVENTORY; runtime not exercised
mac,src/mac/leophone/packages/ui/src/settings/saved-workflows/SavedWorkflowCard.tsx,2,STATIC INVENTORY; runtime not exercised
mac,src/mac/leophone/packages/ui/src/settings/saved-workflows/SavedWorkflowDetailHeader.tsx,2,STATIC INVENTORY; runtime not exercised
mac,src/mac/leophone/packages/ui/src/settings/saved-workflows/SavedWorkflowDetailView.tsx,2,STATIC INVENTORY; runtime not exercised
mac,src/mac/leophone/packages/ui/src/settings/saved-workflows/SavedWorkflowGlobalGroup.tsx,1,STATIC INVENTORY; runtime not exercised
mac,src/mac/leophone/packages/ui/src/settings/saved-workflows/SavedWorkflowLaunchDialog.tsx,2,STATIC INVENTORY; runtime not exercised
mac,src/mac/leophone/packages/ui/src/settings/saved-workflows/SavedWorkflowMetaForm.tsx,2,STATIC INVENTORY; runtime not exercised
mac,src/mac/leophone/packages/ui/src/settings/saved-workflows/SavedWorkflowMoveDialog.tsx,2,STATIC INVENTORY; runtime not exercised
mac,src/mac/leophone/packages/ui/src/settings/saved-workflows/SavedWorkflowProjectGroup.tsx,1,STATIC INVENTORY; runtime not exercised
mac,src/mac/leophone/packages/ui/src/settings/saved-workflows/SavedWorkflowRunHistoryPanel.tsx,1,STATIC INVENTORY; runtime not exercised
mac,src/mac/leophone/packages/ui/src/settings/saved-workflows/SavedWorkflowsSection.tsx,2,STATIC INVENTORY; runtime not exercised
mac,src/mac/leophone/packages/ui/src/settings/usage-stats/AppUsageDailyModelTrendChart.tsx,0,STATIC INVENTORY; runtime not exercised
mac,src/mac/leophone/packages/ui/src/settings/usage-stats/AppUsageModelUsagePieChart.tsx,0,STATIC INVENTORY; runtime not exercised
mac,src/mac/leophone/packages/ui/src/settings/usage-stats/AppUsagePanel.tsx,1,STATIC INVENTORY; runtime not exercised
mac,src/mac/leophone/packages/ui/src/settings/usage-stats/CodingPlanUsageBarChart.tsx,0,STATIC INVENTORY; runtime not exercised
mac,src/mac/leophone/packages/ui/src/settings/usage-stats/CodingPlanUsageLineChart.tsx,0,STATIC INVENTORY; runtime not exercised
mac,src/mac/leophone/packages/ui/src/settings/usage-stats/CodingPlanUsagePanel.tsx,4,STATIC INVENTORY; runtime not exercised
mac,src/mac/leophone/packages/ui/src/settings/usage-stats/UsageChartLoadBoundary.tsx,0,STATIC INVENTORY; runtime not exercised
mac,src/mac/leophone/packages/ui/src/settings/usage-stats/UsageHeatmap.tsx,0,STATIC INVENTORY; runtime not exercised
mac,src/mac/leophone/packages/ui/src/settings/usage-stats/UsageHeatmapCells.tsx,0,STATIC INVENTORY; runtime not exercised
mac,src/mac/leophone/packages/ui/src/settings/usage-stats/UsageStatsErrorNotice.tsx,1,STATIC INVENTORY; runtime not exercised
mac,src/mac/leophone/packages/ui/src/settings/usage-stats/usageStatsUiParts.tsx,0,STATIC INVENTORY; runtime not exercised
